SNP	effect_allele.exposure	other_allele.exposure	effect_allele.outcome	other_allele.outcome	beta.exposure	beta.outcome	eaf.exposure	eaf.outcome	remove	palindromic	ambiguous	id.outcome	se.outcome	samplesize.outcome	ncase.outcome	ncontrol.outcome	pval.outcome	units.outcome	outcome	consortium.outcome	year.outcome	pmid.outcome	category.outcome	subcategory.outcome	originalname.outcome	outcome.deprecated	mr_keep.outcome	data_source.outcome	se.exposure	pval.exposure	units.exposure	gene.exposure	samplesize.exposure	exposure	mr_keep.exposure	pval_origin.exposure	units.exposure_dat	id.exposure	data_source.exposure	action	mr_keep
rs10150332	C	T	C	T	0.13	0.020881	0.21	0.207496	FALSE	FALSE	FALSE	7	0.0120131	184305	60801	123504	0.0821793	log odds	Coronary heart disease || id:7	CARDIoGRAMplusC4D	2015	26343387	Disease	Cardiovascular	Coronary heart disease	Coronary heart disease || CARDIoGRAMplusC4D || 2015	TRUE	mrbase	0.0306122448979592	3e-11	kg/m2	NRXN3	209849	BMI	TRUE	reported	kg/m2	VgNFKc	textfile	2	TRUE
rs10767664	A	T	A	T	0.19	0.026611	0.78	0.75861	FALSE	TRUE	FALSE	7	0.0108682	184305	60801	123504	0.0143446	log odds	Coronary heart disease || id:7	CARDIoGRAMplusC4D	2015	26343387	Disease	Cardiovascular	Coronary heart disease	Coronary heart disease || CARDIoGRAMplusC4D || 2015	TRUE	mrbase	0.0306122448979592	5e-26	kg/m2	BDNF	225238	BMI	TRUE	reported	kg/m2	VgNFKc	textfile	2	TRUE
rs10938397	G	A	G	A	0.18	0.030606	0.43	0.416076	FALSE	FALSE	FALSE	7	0.0093485	184305	60801	123504	0.0010608	log odds	Coronary heart disease || id:7	CARDIoGRAMplusC4D	2015	26343387	Disease	Cardiovascular	Coronary heart disease	Coronary heart disease || CARDIoGRAMplusC4D || 2015	TRUE	mrbase	0.0204081632653061	4e-31	kg/m2	GNPDA2	219494	BMI	TRUE	reported	kg/m2	VgNFKc	textfile	2	TRUE
rs10968576	G	A	G	A	0.11	0.023895	0.31	0.291587	FALSE	FALSE	FALSE	7	0.0102447	184305	60801	123504	0.0196782	log odds	Coronary heart disease || id:7	CARDIoGRAMplusC4D	2015	26343387	Disease	Cardiovascular	Coronary heart disease	Coronary heart disease || CARDIoGRAMplusC4D || 2015	TRUE	mrbase	0.0204081632653061	3e-13	kg/m2	LRRN6C	247166	BMI	TRUE	reported	kg/m2	VgNFKc	textfile	2	TRUE
rs11847697	T	C	T	C	0.17	0.06412	0.04	0.054717	FALSE	FALSE	FALSE	7	0.0217017	184305	60801	123504	0.0031306	log odds	Coronary heart disease || id:7	CARDIoGRAMplusC4D	2015	26343387	Disease	Cardiovascular	Coronary heart disease	Coronary heart disease || CARDIoGRAMplusC4D || 2015	TRUE	mrbase	0.0510204081632653	6e-11	kg/m2	PRKD1	221777	BMI	TRUE	reported	kg/m2	VgNFKc	textfile	2	TRUE
rs12444979	C	T	C	T	0.17	-0.008053	0.87	0.876921	FALSE	FALSE	FALSE	7	0.0149309	184305	60801	123504	0.5896443	log odds	Coronary heart disease || id:7	CARDIoGRAMplusC4D	2015	26343387	Disease	Cardiovascular	Coronary heart disease	Coronary heart disease || CARDIoGRAMplusC4D || 2015	TRUE	mrbase	0.0306122448979592	3e-21	kg/m2	GPRC5B	243616	BMI	TRUE	reported	kg/m2	VgNFKc	textfile	2	TRUE
rs13078807	G	A	G	A	0.1	-0.019455	0.2	0.180398	FALSE	FALSE	FALSE	7	0.0125965	184305	60801	123504	0.1224723	log odds	Coronary heart disease || id:7	CARDIoGRAMplusC4D	2015	26343387	Disease	Cardiovascular	Coronary heart disease	Coronary heart disease || CARDIoGRAMplusC4D || 2015	TRUE	mrbase	0.0204081632653061	4e-11	kg/m2	CADM2	221431	BMI	TRUE	reported	kg/m2	VgNFKc	textfile	2	TRUE
rs1514175	A	G	A	G	0.07	-0.002267	0.43	0.469553	FALSE	FALSE	FALSE	7	0.0093224	184305	60801	123504	0.8078685	log odds	Coronary heart disease || id:7	CARDIoGRAMplusC4D	2015	26343387	Disease	Cardiovascular	Coronary heart disease	Coronary heart disease || CARDIoGRAMplusC4D || 2015	TRUE	mrbase	0.0204081632653061	8e-14	kg/m2	TNNI3K	207641	BMI	TRUE	reported	kg/m2	VgNFKc	textfile	2	TRUE
rs1555543	C	A	C	A	0.06	0.002516	0.59	0.558318	FALSE	FALSE	FALSE	7	0.0093724	184305	60801	123504	0.7883548	log odds	Coronary heart disease || id:7	CARDIoGRAMplusC4D	2015	26343387	Disease	Cardiovascular	Coronary heart disease	Coronary heart disease || CARDIoGRAMplusC4D || 2015	TRUE	mrbase	0.0204081632653061	4e-10	kg/m2	PTBP2	230568	BMI	TRUE	reported	kg/m2	VgNFKc	textfile	2	TRUE
rs1558902	A	T	A	T	0.39	0.029804	0.42	0.380002	FALSE	TRUE	FALSE	7	0.0096168	184305	60801	123504	0.0019407	log odds	Coronary heart disease || id:7	CARDIoGRAMplusC4D	2015	26343387	Disease	Cardiovascular	Coronary heart disease	Coronary heart disease || CARDIoGRAMplusC4D || 2015	TRUE	mrbase	0.0204081632653061	5e-120	kg/m2	FTO	222476	BMI	TRUE	reported	kg/m2	VgNFKc	textfile	2	TRUE
rs206936	G	A	G	A	0.06	0.011922	0.21	0.248512	FALSE	FALSE	FALSE	7	0.0109258	184305	60801	123504	0.2751936	log odds	Coronary heart disease || id:7	CARDIoGRAMplusC4D	2015	26343387	Disease	Cardiovascular	Coronary heart disease	Coronary heart disease || CARDIoGRAMplusC4D || 2015	TRUE	mrbase	0.0204081632653061	3e-08	kg/m2	HMGA1	220081	BMI	TRUE	reported	kg/m2	VgNFKc	textfile	2	TRUE
rs2112347	T	G	T	G	0.1	0.005855	0.63	0.598601	FALSE	FALSE	FALSE	7	0.0096581	184305	60801	123504	0.544364	log odds	Coronary heart disease || id:7	CARDIoGRAMplusC4D	2015	26343387	Disease	Cardiovascular	Coronary heart disease	Coronary heart disease || CARDIoGRAMplusC4D || 2015	TRUE	mrbase	0.0204081632653061	2e-13	kg/m2	FLJ35779	224896	BMI	TRUE	reported	kg/m2	VgNFKc	textfile	2	TRUE
rs2241423	G	A	G	A	0.13	0.014203	0.78	0.742517	FALSE	FALSE	FALSE	7	0.0106629	184305	60801	123504	0.1828599	log odds	Coronary heart disease || id:7	CARDIoGRAMplusC4D	2015	26343387	Disease	Cardiovascular	Coronary heart disease	Coronary heart disease || CARDIoGRAMplusC4D || 2015	TRUE	mrbase	0.0204081632653061	1e-18	kg/m2	LBXCOR1	227886	BMI	TRUE	reported	kg/m2	VgNFKc	textfile	2	TRUE
rs2287019	C	T	C	T	0.15	0.039053	0.8	0.81742	FALSE	FALSE	FALSE	7	0.012868	184305	60801	123504	0.0024063	log odds	Coronary heart disease || id:7	CARDIoGRAMplusC4D	2015	26343387	Disease	Cardiovascular	Coronary heart disease	Coronary heart disease || CARDIoGRAMplusC4D || 2015	TRUE	mrbase	0.0306122448979592	2e-16	kg/m2	GIPR	243455	BMI	TRUE	reported	kg/m2	VgNFKc	textfile	2	TRUE
rs2815752	A	G	A	G	0.13	0.010402	0.61	0.611282	FALSE	FALSE	FALSE	7	0.0098384	184305	60801	123504	0.2903822	log odds	Coronary heart disease || id:7	CARDIoGRAMplusC4D	2015	26343387	Disease	Cardiovascular	Coronary heart disease	Coronary heart disease || CARDIoGRAMplusC4D || 2015	TRUE	mrbase	0.0204081632653061	2e-22	kg/m2	NEGR1	239144	BMI	TRUE	reported	kg/m2	VgNFKc	textfile	2	TRUE
rs2867125	C	T	C	T	0.31	0.036377	0.83	0.799008	FALSE	FALSE	FALSE	7	0.01215	184305	60801	123504	0.0027536	log odds	Coronary heart disease || id:7	CARDIoGRAMplusC4D	2015	26343387	Disease	Cardiovascular	Coronary heart disease	Coronary heart disease || CARDIoGRAMplusC4D || 2015	TRUE	mrbase	0.0306122448979592	3e-49	kg/m2	TMEM18	208254	BMI	TRUE	reported	kg/m2	VgNFKc	textfile	2	TRUE
rs2890652	C	T	C	T	0.09	0.004026	0.18	0.162341	FALSE	FALSE	FALSE	7	0.0136382	184305	60801	123504	0.7678413	log odds	Coronary heart disease || id:7	CARDIoGRAMplusC4D	2015	26343387	Disease	Cardiovascular	Coronary heart disease	Coronary heart disease || CARDIoGRAMplusC4D || 2015	TRUE	mrbase	0.0306122448979592	1e-10	kg/m2	LRP1B	247375	BMI	TRUE	reported	kg/m2	VgNFKc	textfile	2	TRUE
rs29941	G	A	G	A	0.06	0.004531	0.67	0.642329	FALSE	FALSE	FALSE	7	0.0098297	184305	60801	123504	0.6448355	log odds	Coronary heart disease || id:7	CARDIoGRAMplusC4D	2015	26343387	Disease	Cardiovascular	Coronary heart disease	Coronary heart disease || CARDIoGRAMplusC4D || 2015	TRUE	mrbase	0.0204081632653061	3e-09	kg/m2	KCTD15	232577	BMI	TRUE	reported	kg/m2	VgNFKc	textfile	2	TRUE
rs3810291	A	G	A	G	0.09	0.024594	0.67	0.592268	FALSE	FALSE	FALSE	7	0.0103696	184305	60801	123504	0.0177046	log odds	Coronary heart disease || id:7	CARDIoGRAMplusC4D	2015	26343387	Disease	Cardiovascular	Coronary heart disease	Coronary heart disease || CARDIoGRAMplusC4D || 2015	TRUE	mrbase	0.0204081632653061	2e-12	kg/m2	TMEM160	215399	BMI	TRUE	reported	kg/m2	VgNFKc	textfile	2	TRUE
rs3817334	T	C	T	C	0.06	0.000355	0.41	0.387831	FALSE	FALSE	FALSE	7	0.0095386	184305	60801	123504	0.9703118	log odds	Coronary heart disease || id:7	CARDIoGRAMplusC4D	2015	26343387	Disease	Cardiovascular	Coronary heart disease	Coronary heart disease || CARDIoGRAMplusC4D || 2015	TRUE	mrbase	0.0204081632653061	2e-12	kg/m2	CUGBP1	209051	BMI	TRUE	reported	kg/m2	VgNFKc	textfile	2	TRUE
rs4771122	G	A	G	A	0.09	0.016787	0.24	0.267252	FALSE	FALSE	FALSE	7	0.0110724	184305	60801	123504	0.1294921	log odds	Coronary heart disease || id:7	CARDIoGRAMplusC4D	2015	26343387	Disease	Cardiovascular	Coronary heart disease	Coronary heart disease || CARDIoGRAMplusC4D || 2015	TRUE	mrbase	0.0306122448979592	9e-10	kg/m2	GTF3A	218439	BMI	TRUE	reported	kg/m2	VgNFKc	textfile	2	TRUE
rs4929949	C	T	C	T	0.06	0.002206	0.52	0.475448	FALSE	FALSE	FALSE	7	0.0093181	184305	60801	123504	0.8128556	log odds	Coronary heart disease || id:7	CARDIoGRAMplusC4D	2015	26343387	Disease	Cardiovascular	Coronary heart disease	Coronary heart disease || CARDIoGRAMplusC4D || 2015	TRUE	mrbase	0.0204081632653061	3e-09	kg/m2	RPL27A	219230	BMI	TRUE	reported	kg/m2	VgNFKc	textfile	2	TRUE
rs543874	G	A	G	A	0.22	0.0076	0.19	0.189189	FALSE	FALSE	FALSE	7	0.0117296	184305	60801	123504	0.5170291	log odds	Coronary heart disease || id:7	CARDIoGRAMplusC4D	2015	26343387	Disease	Cardiovascular	Coronary heart disease	Coronary heart disease || CARDIoGRAMplusC4D || 2015	TRUE	mrbase	0.0306122448979592	4e-23	kg/m2	SEC16B	227891	BMI	TRUE	reported	kg/m2	VgNFKc	textfile	2	TRUE
rs571312	A	C	A	C	0.23	0.057718	0.24	0.258018	FALSE	FALSE	FALSE	7	0.010501	184305	60801	123504	3.88e-08	log odds	Coronary heart disease || id:7	CARDIoGRAMplusC4D	2015	26343387	Disease	Cardiovascular	Coronary heart disease	Coronary heart disease || CARDIoGRAMplusC4D || 2015	TRUE	mrbase	0.0306122448979592	6e-42	kg/m2	MC4R	228220	BMI	TRUE	reported	kg/m2	VgNFKc	textfile	2	TRUE
rs713586	C	T	C	T	0.14	0.019484	0.47	0.478764	FALSE	FALSE	FALSE	7	0.0092801	184305	60801	123504	0.0357682	log odds	Coronary heart disease || id:7	CARDIoGRAMplusC4D	2015	26343387	Disease	Cardiovascular	Coronary heart disease	Coronary heart disease || CARDIoGRAMplusC4D || 2015	TRUE	mrbase	0.0204081632653061	6e-22	kg/m2	ADCY3	226916	BMI	TRUE	reported	kg/m2	VgNFKc	textfile	2	TRUE
rs7138803	A	G	A	G	0.12	0.008175	0.38	0.371503	FALSE	FALSE	FALSE	7	0.0094745	184305	60801	123504	0.388225	log odds	Coronary heart disease || id:7	CARDIoGRAMplusC4D	2015	26343387	Disease	Cardiovascular	Coronary heart disease	Coronary heart disease || CARDIoGRAMplusC4D || 2015	TRUE	mrbase	0.0204081632653061	2e-17	kg/m2	FAIM2	220995	BMI	TRUE	reported	kg/m2	VgNFKc	textfile	2	TRUE
rs7359397	T	C	T	C	0.15	0.016174	0.4	0.336754	FALSE	FALSE	FALSE	7	0.0102773	184305	60801	123504	0.1155422	log odds	Coronary heart disease || id:7	CARDIoGRAMplusC4D	2015	26343387	Disease	Cardiovascular	Coronary heart disease	Coronary heart disease || CARDIoGRAMplusC4D || 2015	TRUE	mrbase	0.0204081632653061	2e-20	kg/m2	AC138894.2	248894	BMI	TRUE	reported	kg/m2	VgNFKc	textfile	2	TRUE
rs887912	T	C	T	C	0.1	0.02196	0.29	0.268346	FALSE	FALSE	FALSE	7	0.0111398	184305	60801	123504	0.048688	log odds	Coronary heart disease || id:7	CARDIoGRAMplusC4D	2015	26343387	Disease	Cardiovascular	Coronary heart disease	Coronary heart disease || CARDIoGRAMplusC4D || 2015	TRUE	mrbase	0.0204081632653061	2e-12	kg/m2	FANCL	214757	BMI	TRUE	reported	kg/m2	VgNFKc	textfile	2	TRUE
rs9816226	T	A	T	A	0.14	-0.002518	0.82	0.79361	FALSE	TRUE	FALSE	7	0.0122543	184305	60801	123504	0.837198	log odds	Coronary heart disease || id:7	CARDIoGRAMplusC4D	2015	26343387	Disease	Cardiovascular	Coronary heart disease	Coronary heart disease || CARDIoGRAMplusC4D || 2015	TRUE	mrbase	0.0306122448979592	2e-18	kg/m2	ETV5	213436	BMI	TRUE	reported	kg/m2	VgNFKc	textfile	2	TRUE
rs987237	G	A	G	A	0.13	0.025245	0.18	0.189188	FALSE	FALSE	FALSE	7	0.0115895	184305	60801	123504	0.0293863	log odds	Coronary heart disease || id:7	CARDIoGRAMplusC4D	2015	26343387	Disease	Cardiovascular	Coronary heart disease	Coronary heart disease || CARDIoGRAMplusC4D || 2015	TRUE	mrbase	0.0306122448979592	3e-20	kg/m2	TFAP2B	223613	BMI	TRUE	reported	kg/m2	VgNFKc	textfile	2	TRUE
